rho1barin,mu1out,mu1,mu0,rho2,rho0out,rho0,rho2out,rho1out,mu0out,phi1in,phi1,phi0,phi0in,rho2barin,mu0in,rho2bar,rho1,rho1bar,mu1in
1.0,1.5,2.0,2.0,2.0,1.0,2.0,1.0,1.0,1.2,1.0,2.0,2.0,1.0,1.0,1.0,2.0,2.0,2.0,1.0
0.0,0.5,4.0,4.0,4.0,0.0,3.5,0.5,0.5,0.20000000000000001,0.0,4.0,3.5,0.0,0.0,0.0,4.0,4.0,3.5,0.0
1.5,0.29999999999999999,6.7000000000000002,5.5,6.6999999999999993,1.0,5.0,0.29999999999999999,0.29999999999999999,1.0,1.5,6.5,5.0,1.0,1.5,1.5,6.5,7.0,6.5,1.5
-0.29999999999999999,0.0,7.2999999999999998,6.0,7.0,0.0,5.5,0.0,0.0,0.0,-0.29999999999999999,7.5,5.5,0.0,-0.20000000000000001,0.5,7.2000000000000002,8.0,7.5,-0.40000000000000002
0.0,1.0,8.3000000000000007,7.0,7.8000000000000007,1.0,6.5,0.0,0.0,1.0,0.0,8.5,6.5,1.0,0.0,1.0,8.0,9.0,8.5,-0.10000000000000001
